recvtimets,recvtime,fiwareservicepath,entityid,entitytype,attrname,attrtype,attrvalue,attrmd
1675078518774,2023-01-30 11:35:18.774,/,urn:ngsiv2:i40Recipe:Operation_Part001_extrusion,i40Recipe,cycleTime,Number,60,[]
1675078518774,2023-01-30 11:35:18.774,/,urn:ngsiv2:i40Recipe:Operation_Part001_extrusion,i40Recipe,refSequenceOfOperations,Relationship,urn:ngsiv2:i40Recipe:SequenceOfOperations_Part001,[]
1675078518774,2023-01-30 11:35:18.774,/,urn:ngsiv2:i40Recipe:Operation_Part001_extrusion,i40Recipe,partsPerCycle,Number,505,[]
1675078518774,2023-01-30 11:35:18.774,/,urn:ngsiv2:i40Recipe:Operation_Part001_extrusion,i40Recipe,i40RecipeType,Text,Operation,[]
