recvtimets,recvtime,fiwareservicepath,entityid,entitytype,attrname,attrtype,attrvalue,attrmd
1675078518794,2023-01-30 11:35:18.794,/,urn:ngsiv2:i40Recipe:Shift1,i40Recipe,end,Time,23:59:00,[]
1675078518794,2023-01-30 11:35:18.794,/,urn:ngsiv2:i40Recipe:Shift1,i40Recipe,i40RecipeType,Text,Shift,[]
1675078518794,2023-01-30 11:35:18.794,/,urn:ngsiv2:i40Recipe:Shift1,i40Recipe,start,Time,8:00:00,[]
1675112115958,2023-01-30 20:55:15.958,/,urn:ngsiv2:i40Recipe:Shift1,i40Recipe,start,Time,6:50:00,[]
1675112115958,2023-01-30 20:55:15.958,/,urn:ngsiv2:i40Recipe:Shift1,i40Recipe,end,Time,22:00:00,[]
1675112115958,2023-01-30 20:55:15.958,/,urn:ngsiv2:i40Recipe:Shift1,i40Recipe,i40RecipeType,Text,Shift,[]
1675167243548,2023-01-31 12:14:03.548,/,urn:ngsiv2:i40Recipe:Shift1,i40Recipe,start,Time,6:50:00,[]
1675167243548,2023-01-31 12:14:03.548,/,urn:ngsiv2:i40Recipe:Shift1,i40Recipe,end,Time,14:00:00,[]
1675167243548,2023-01-31 12:14:03.548,/,urn:ngsiv2:i40Recipe:Shift1,i40Recipe,i40RecipeType,Text,Shift,[]
1675611356737,2023-02-05 15:35:56.737,/,urn:ngsiv2:i40Recipe:Shift1,i40Recipe,end,Time,22:00:00,[]
1675611356737,2023-02-05 15:35:56.737,/,urn:ngsiv2:i40Recipe:Shift1,i40Recipe,start,Time,6:50:00,[]
1675611356737,2023-02-05 15:35:56.737,/,urn:ngsiv2:i40Recipe:Shift1,i40Recipe,i40RecipeType,Text,Shift,[]
