recvtimets,recvtime,fiwareservicepath,entityid,entitytype,attrname,attrtype,attrvalue,attrmd
1674486226781,2023-01-23 15:03:46.781,/,urn:ngsiv2:i40Recipe:SequenceOfOperations_Part001,i40Recipe,operations,List,"[""urn:ngsiv2:i40Recipe:Operation_Part001_injectionMoulding""]",[]
1674486226781,2023-01-23 15:03:46.781,/,urn:ngsiv2:i40Recipe:SequenceOfOperations_Part001,i40Recipe,refPart,Relationship,urn:ngsiv2:i40Asset:Part001,[]
1674486226781,2023-01-23 15:03:46.781,/,urn:ngsiv2:i40Recipe:SequenceOfOperations_Part001,i40Recipe,i40RecipeType,Text,SequenceOfOperations,[]
1674486928287,2023-01-23 15:15:28.287,/,urn:ngsiv2:i40Recipe:SequenceOfOperations_Part001,i40Recipe,operations,List,"[""urn:ngsiv2:i40Recipe:Operation_Part001_injectionMoulding""]",[]
1674486928287,2023-01-23 15:15:28.287,/,urn:ngsiv2:i40Recipe:SequenceOfOperations_Part001,i40Recipe,refPart,Relationship,urn:ngsiv2:i40Asset:Part001,[]
1674486928287,2023-01-23 15:15:28.287,/,urn:ngsiv2:i40Recipe:SequenceOfOperations_Part001,i40Recipe,i40RecipeType,Text,SequenceOfOperations,[]
1674488054450,2023-01-23 15:34:14.450,/,urn:ngsiv2:i40Recipe:SequenceOfOperations_Part001,i40Recipe,operations,List,"[""urn:ngsiv2:i40Recipe:Operation_Part001_injectionMoulding""]",[]
1674488054450,2023-01-23 15:34:14.450,/,urn:ngsiv2:i40Recipe:SequenceOfOperations_Part001,i40Recipe,refPart,Relationship,urn:ngsiv2:i40Asset:Part001,[]
1674488054450,2023-01-23 15:34:14.450,/,urn:ngsiv2:i40Recipe:SequenceOfOperations_Part001,i40Recipe,i40RecipeType,Text,SequenceOfOperations,[]
1674488709717,2023-01-23 15:45:09.717,/,urn:ngsiv2:i40Recipe:SequenceOfOperations_Part001,i40Recipe,operations,List,"[""urn:ngsiv2:i40Recipe:Operation_Part001_injectionMoulding""]",[]
1674488709717,2023-01-23 15:45:09.717,/,urn:ngsiv2:i40Recipe:SequenceOfOperations_Part001,i40Recipe,refPart,Relationship,urn:ngsiv2:i40Asset:Part001,[]
1674488709717,2023-01-23 15:45:09.717,/,urn:ngsiv2:i40Recipe:SequenceOfOperations_Part001,i40Recipe,i40RecipeType,Text,SequenceOfOperations,[]
1674566744535,2023-01-24 13:25:44.535,/,urn:ngsiv2:i40Recipe:SequenceOfOperations_Part001,i40Recipe,operations,List,"[""urn:ngsiv2:i40Recipe:Operation_Part001_injectionMoulding""]",[]
1674566744535,2023-01-24 13:25:44.535,/,urn:ngsiv2:i40Recipe:SequenceOfOperations_Part001,i40Recipe,refPart,Relationship,urn:ngsiv2:i40Asset:Part001,[]
1674566744535,2023-01-24 13:25:44.535,/,urn:ngsiv2:i40Recipe:SequenceOfOperations_Part001,i40Recipe,i40RecipeType,Text,SequenceOfOperations,[]
