recvtimets,recvtime,fiwareservicepath,entityid,entitytype,attrname,attrtype,attrvalue,attrmd
1674486227153,2023-01-23 15:03:47.153,/,urn:ngsiv2:i40Asset:Part001,i40Asset,refSequenceOfOperations,Relationship,urn:ngsiv2:SequenceOfOperations:Part001,[]
1674486227153,2023-01-23 15:03:47.153,/,urn:ngsiv2:i40Asset:Part001,i40Asset,i40AssetType,Text,Part,[]
1674486928285,2023-01-23 15:15:28.285,/,urn:ngsiv2:i40Asset:Part001,i40Asset,refSequenceOfOperations,Relationship,urn:ngsiv2:SequenceOfOperations:Part001,[]
1674486928285,2023-01-23 15:15:28.285,/,urn:ngsiv2:i40Asset:Part001,i40Asset,i40AssetType,Text,Part,[]
1674488054447,2023-01-23 15:34:14.447,/,urn:ngsiv2:i40Asset:Part001,i40Asset,refSequenceOfOperations,Relationship,urn:ngsiv2:SequenceOfOperations:Part001,[]
1674488054447,2023-01-23 15:34:14.447,/,urn:ngsiv2:i40Asset:Part001,i40Asset,i40AssetType,Text,Part,[]
1674488709765,2023-01-23 15:45:09.765,/,urn:ngsiv2:i40Asset:Part001,i40Asset,refSequenceOfOperations,Relationship,urn:ngsiv2:SequenceOfOperations:Part001,[]
1674488709765,2023-01-23 15:45:09.765,/,urn:ngsiv2:i40Asset:Part001,i40Asset,i40AssetType,Text,Part,[]
1674566744535,2023-01-24 13:25:44.535,/,urn:ngsiv2:i40Asset:Part001,i40Asset,refSequenceOfOperations,Relationship,urn:ngsiv2:SequenceOfOperations:Part001,[]
1674566744535,2023-01-24 13:25:44.535,/,urn:ngsiv2:i40Asset:Part001,i40Asset,i40AssetType,Text,Part,[]
