recvtimets,recvtime,fiwareservicepath,entityid,entitytype,attrname,attrtype,attrvalue,attrmd
1674486227144,2023-01-23 15:03:47.144,/,urn:ngsiv2:i40Recipe:Shift1,i40Recipe,start,Time,8:00:00,[]
1674486227144,2023-01-23 15:03:47.144,/,urn:ngsiv2:i40Recipe:Shift1,i40Recipe,end,Time,16:00:00,[]
1674486227144,2023-01-23 15:03:47.144,/,urn:ngsiv2:i40Recipe:Shift1,i40Recipe,i40RecipeType,Text,Shift,[]
1674486928281,2023-01-23 15:15:28.281,/,urn:ngsiv2:i40Recipe:Shift1,i40Recipe,start,Time,8:00:00,[]
1674486928281,2023-01-23 15:15:28.281,/,urn:ngsiv2:i40Recipe:Shift1,i40Recipe,end,Time,16:00:00,[]
1674486928281,2023-01-23 15:15:28.281,/,urn:ngsiv2:i40Recipe:Shift1,i40Recipe,i40RecipeType,Text,Shift,[]
1674488054440,2023-01-23 15:34:14.440,/,urn:ngsiv2:i40Recipe:Shift1,i40Recipe,end,Time,16:00:00,[]
1674488054440,2023-01-23 15:34:14.440,/,urn:ngsiv2:i40Recipe:Shift1,i40Recipe,i40RecipeType,Text,Shift,[]
1674488054440,2023-01-23 15:34:14.440,/,urn:ngsiv2:i40Recipe:Shift1,i40Recipe,start,Time,8:00:00,[]
1674488709758,2023-01-23 15:45:09.758,/,urn:ngsiv2:i40Recipe:Shift1,i40Recipe,start,Time,8:00:00,[]
1674488709758,2023-01-23 15:45:09.758,/,urn:ngsiv2:i40Recipe:Shift1,i40Recipe,end,Time,16:00:00,[]
1674488709758,2023-01-23 15:45:09.758,/,urn:ngsiv2:i40Recipe:Shift1,i40Recipe,i40RecipeType,Text,Shift,[]
1674488854942,2023-01-23 15:47:34.942,/,urn:ngsiv2:i40Recipe:Shift1,i40Recipe,start,Time,8:00:00,[]
1674488854942,2023-01-23 15:47:34.942,/,urn:ngsiv2:i40Recipe:Shift1,i40Recipe,end,Time,23:00:00,[]
1674488854942,2023-01-23 15:47:34.942,/,urn:ngsiv2:i40Recipe:Shift1,i40Recipe,i40RecipeType,Text,Shift,[]
1674566744540,2023-01-24 13:25:44.540,/,urn:ngsiv2:i40Recipe:Shift1,i40Recipe,end,Time,23:59:59,[]
1674566744540,2023-01-24 13:25:44.540,/,urn:ngsiv2:i40Recipe:Shift1,i40Recipe,start,Time,0:00:00,[]
1674566744540,2023-01-24 13:25:44.540,/,urn:ngsiv2:i40Recipe:Shift1,i40Recipe,i40RecipeType,Text,Shift,[]
